time,node_id,storage
0,1,1.0
0,2,1.0
0,3,1.0
0,4,1.0
86400,1,14.552270413181501
86400,2,14.623005210100628
86400,3,6.598283255251201
86400,4,123.70030911896829
172800,1,27.153911537642788
172800,2,27.192808519318586
172800,3,7.838065218753915
172800,4,225.8661900316531
259200,1,39.1255902142881
259200,2,39.14932513469257
259200,3,8.27675121902356
259200,4,314.4231490974117
345600,1,50.603787006294624
345600,2,50.61827787307352
345600,3,8.508424244957666
345600,4,392.62550291605146
432000,1,61.66694231223983
432000,2,61.6750980926579
432000,3,8.669393791940188
432000,4,462.53720415635144
518400,1,72.36791871009697
518400,2,72.37142072335078
518400,3,8.801723796707186
518400,4,525.5771985324108
604800,1,82.7455003758929
604800,2,82.74542036535708
604800,3,8.921155882131544
604800,4,582.783734073166
691200,1,92.82971729445644
691200,2,92.82678602785634
691200,3,9.034712210983727
691200,4,634.9517649100102
777600,1,102.64470976700375
777600,2,102.63945069139905
777600,3,9.14623128449513
777600,4,682.7108211539768
864000,1,112.21042873713264
864000,2,112.2032309208938
864000,3,9.258383145805539
864000,4,726.5723867983153
950400,1,121.54371817020048
950400,2,121.53487951250604
950400,3,9.373547726059485
950400,4,766.9603751877721
1036800,1,130.65904204424078
1036800,2,130.64879612397482
1036800,3,9.494343508782265
1036800,4,804.2315917078694
1123200,1,139.56899320544343
1123200,2,139.55752683567607
1123200,3,9.62414698505458
1123200,4,838.6898782886269
1209600,1,148.28466179790158
1209600,2,148.27212688703574
1209600,3,9.767878062457697
1209600,4,870.5959471742875
1296000,1,156.8159094673301
1296000,2,156.80243132499282
1296000,3,9.933531192272596
1296000,4,900.1738049488768
1382400,1,165.17157829731198
1382400,2,165.1572615436222
1382400,3,10.134316849254986
1382400,4,927.614804104083
1468800,1,173.3596531194201
1468800,2,173.3445860665829
1468800,3,10.376559687940016
1468800,4,953.0943309728057
1555200,1,181.38738985252851
1555200,2,181.3716477694879
1555200,3,10.658298029461434
1555200,4,976.7761186736939
1641600,1,189.26141850238062
1641600,2,189.24506603211665
1641600,3,10.97758497065766
1641600,4,998.8066984730406
1728000,1,196.9878268094972
1728000,2,196.97091993887645
1728000,3,11.332635489319784
1728000,4,1019.3176631970946
1814400,1,204.5722291390258
1814400,2,204.5548166602839
1814400,3,11.721807412177725
1814400,4,1038.4276617049125
1900800,1,212.01982367163174
1900800,2,212.00194837896925
1900800,3,12.143585296420156
1900800,4,1056.2440509531264
1987200,1,219.33544040879457
1987200,2,219.31714002510532
1987200,3,12.596566651522892
1987200,4,1072.8642774442806
2073600,1,226.5235817451083
2073600,2,226.5048897164889
2073600,3,13.07945006692239
2073600,4,1088.3770423480482
2160000,1,233.5884570899335
2160000,2,233.56940320318253
2160000,3,13.591024915273863
2160000,4,1102.8632917683149
2246400,1,240.53401257075362
2246400,2,240.51462345999693
2246400,3,14.130162371926588
2246400,4,1116.3970643739162
2332800,1,247.36395668645918
2332800,2,247.34425626480066
2332800,3,14.695807545330524
2332800,4,1129.0462216024769
2419200,1,254.08178260284885
2419200,2,254.06179242741285
2419200,3,15.286972552586349
2419200,4,1140.8730804288425
2505600,1,260.69078764563835
2505600,2,260.67052720181505
2505600,3,15.902730404604995
2505600,4,1151.9349646769776
2592000,1,267.1940903981448
2592000,2,267.1735773532508
2592000,3,16.54220958887487
2592000,4,1162.284687756025
2678400,1,273.59464577544793
2678400,2,273.5738962258346
2678400,3,17.204589256092163
2678400,4,1171.970977296808
2764800,1,279.8952584313658
2764800,2,279.8742870441249
2764800,3,17.889094931516695
2764800,4,1181.0388502868082
2851200,1,286.0985946168884
2851200,2,286.07741481500926
2851200,3,18.594994684319147
2851200,4,1189.5299457695228
2937600,1,292.2071928161158
2937600,2,292.1858169104565
2937600,3,19.32159569741657
2937600,4,1197.4828210109004
3024000,1,298.2234732575108
3024000,2,298.2019125713647
3024000,3,20.068241188936952
3024000,4,1204.9332160223184
3110400,1,304.14974648635314
3110400,2,304.12801143318313
3110400,3,20.834307642809733
3110400,4,1211.91429058827
3196800,1,309.9882210564207
3196800,2,309.96632125506767
3196800,3,21.61920231224923
3196800,4,1218.4568372788713
3283200,1,315.7410105342335
3283200,2,315.71895486632536
3283200,3,22.422360964183042
3283200,4,1224.5894734135013
3369600,1,321.4101397954316
3369600,2,321.3879365243152
3369600,3,23.243245837374047
3369600,4,1230.3388144945916
3456000,1,326.99755084233317
3456000,2,326.9752076076029
3456000,3,24.081343789916616
3456000,4,1235.7296312840185
3542400,1,332.50510799787475
3542400,2,332.48263191595595
3542400,3,24.936164615595374
3542400,4,1240.7849923935976
3628800,1,337.9346027453354
3628800,2,337.9120004226924
3628800,3,25.80723951039107
3628800,4,1245.5263939737365
3715200,1,343.28775807815305
3715200,2,343.26503570995936
3715200,3,26.69411967344223
3715200,4,1249.9738779417676
3801600,1,348.56623259531204
3801600,2,348.54339593914176
3801600,3,27.596375027931344
3801600,4,1254.146139907921
3888000,1,353.7716241603836
3888000,2,353.7486786097336
3888000,3,28.513593049890687
3888000,4,1258.0606279308863
3974400,1,358.9054733426793
3974400,2,358.88242395514897
3974400,3,29.44537769368685
3974400,4,1261.733632976377
4060800,1,363.969266587688
4060800,2,363.9461180851797
4060800,3,30.391348404568816
4060800,4,1265.1803719267482
4147200,1,368.9644390974894
4147200,2,368.94119594382676
4147200,3,31.351139209860776
4147200,4,1268.4150638711697
4233600,1,373.8923775955292
4233600,2,373.86904395498345
4233600,3,32.32439788089482
4233600,4,1271.4510002900347
4320000,1,378.75442277865676
4320000,2,378.73100259018526
4320000,3,33.31078515928118
4320000,4,1274.3006097328057
4406400,1,383.5518716933223
4406400,2,383.5283686589251
4406400,3,34.30997404122263
4406400,4,1276.9755174675265
4492800,1,388.28597988507306
4492800,2,388.2623975024553
4492800,3,35.32164911469533
4492800,4,1279.4866005729205
4579200,1,392.9579634406641
4579200,2,392.93430500074135
4579200,3,36.3455059445962
4579200,4,1281.8440388583786
4665600,1,397.5690008612954
4665600,2,397.5452694784857
4665600,3,37.38125050166934
4665600,4,1284.057361991228
4752000,1,402.12023484501276
4752000,2,402.0964334554277
4752000,3,38.42859863130661
4752000,4,1286.135493138334
4838400,1,406.61277392015194
4838400,2,406.58890531862454
4838400,3,39.48727555886035
4838400,4,1288.086789427932
4924800,1,411.047694020521
4924800,2,411.0237608453154
4924800,3,40.55701542824363
4924800,4,1289.9190794819485
5011200,1,415.4260399184708
5011200,2,415.4020446759308
5011200,3,41.63756087113893
5011200,4,1291.6396982688238
5097600,1,419.7488266039612
5097600,2,419.7247716643597
5097600,3,42.72866260428816
5097600,4,1293.255519479968
5184000,1,424.01704055730033
5184000,2,423.9929281714088
5184000,3,43.830079052553515
5184000,4,1294.7729856439505
5270400,1,428.23164096070684
5270400,2,428.20747326855826
5270400,3,44.94157599573305
5270400,4,1296.198136129603
5356800,1,432.39356083464327
5356800,2,432.3693398772464
5356800,3,46.06292623724232
5356800,4,1297.5366332292135
5443200,1,436.5037081160102
5443200,2,436.47943583695
5443200,3,47.19390929297242
5443200,4,1298.7937864370756
5529600,1,440.56296667886386
5529600,2,440.53864491062325
5529600,3,48.33431109879052
5529600,4,1299.9745750940572
5616000,1,444.57219725691186
5616000,2,444.5478277762286
5616000,3,49.483923735363874
5616000,4,1301.0836694843442
5702400,1,448.5322384113339
5702400,2,448.50782286993194
5702400,3,50.64254516883079
5702400,4,1302.1254505267261
5788800,1,452.4439073052275
5788800,2,452.4194473246698
5788800,3,51.80997900647617
5788800,4,1303.1040281443918
5875200,1,456.30800060030015
5875200,2,456.2834976975213
5875200,3,52.9860342659789
5875200,4,1304.0232584227942
5961600,1,460.1252951664653
5961600,2,460.10075079914276
5961600,3,54.17052515755756
5961600,4,1304.8867596298232
6048000,1,463.89654883620267
6048000,2,463.8719643999036
6048000,3,55.363270878004755
6048000,4,1305.6979271837272
6134400,1,467.62250109683987
6134400,2,467.5978779246157
6134400,3,56.56409541576966
6134400,4,1306.4599476474546
6220800,1,471.3038737479808
6220800,2,471.2792131131799
6220800,3,57.77282736638222
6220800,4,1307.1758118102612
6307200,1,474.9413715259367
6307200,2,474.9166746495142
6307200,3,58.989299757548
6307200,4,1307.8483269156668
6393600,1,478.53568270330095
6393600,2,478.51095075485296
6393600,3,60.21334988322508
6393600,4,1308.480128116119
6480000,1,482.0874796573216
6480000,2,482.06271375541496
6480000,3,61.444819146135615
6480000,4,1309.073689175189
6566400,1,485.59741940608814
6566400,2,485.5726206286573
6566400,3,62.68355290817328
6566400,4,1309.6313325028868
6652800,1,489.06614413933937
6652800,2,489.041313504933
6652800,3,63.92940034817377
6652800,4,1310.155238529475
6739200,1,492.49428167809924
6739200,2,492.4694201925033
6739200,3,65.18221432667633
6739200,4,1310.6474545010385
6825600,1,495.8824459995476
6825600,2,495.85755459354664
6825600,3,66.44185125708145
6825600,4,1311.1099027091598
6912000,1,499.23123762246314
6912000,2,499.20631721667735
6912000,3,67.70817098304917
6912000,4,1311.54438820234
6998400,1,502.54124409026736
6998400,2,502.51629555297757
6998400,3,68.98103666152929
6998400,4,1311.9526060144794
7084800,1,505.8130403440778
7084800,2,505.78806452412243
7084800,3,70.26031465126891
7084800,4,1312.3361479375137
7171200,1,509.0471891438017
7171200,2,509.0221868474349
7171200,3,71.54587440636078
7171200,4,1312.6965088585678
7257600,1,512.2442414286281
7257600,2,512.2192134279119
7257600,3,72.83758837461949
7257600,4,1313.0350927199247
7344000,1,515.404736672789
7344000,2,515.3796837234148
7344000,3,74.135331900462
7344000,4,1313.3532180962725
7430400,1,518.5292032513182
7430400,2,518.5041260700406
7430400,3,75.4389831320567
7430400,4,1313.6521234230536
7516800,1,521.6181587535541
7516800,2,521.593058031194
7516800,3,76.74842293251686
7516800,4,1313.9329719020313
7603200,1,524.6721103059201
7603200,2,524.6469867106078
7603200,3,78.0635347948878
7603200,4,1314.1968561033996
7689600,1,527.6915548699557
7689600,2,527.6664090644933
7689600,3,79.38420476076499
7689600,4,1314.444802284459
7776000,1,530.6769795777192
7776000,2,530.6518121526177
7776000,3,80.71032134223742
7776000,4,1314.6777744358596
7862400,1,533.6288619302422
7862400,2,533.6036735023987
7862400,3,82.04177544719755
7862400,4,1314.8966780824117
7948800,1,536.5476701515894
7948800,2,536.5224612963833
7948800,3,83.37846030759943
7948800,4,1315.102363847387
8035200,1,539.4338634068663
8035200,2,539.4086346747434
8035200,3,84.72027141064291
8035200,4,1315.2956307967195
8121600,1,542.2878920449377
8121600,2,542.262643993046
8121600,3,86.06710643275869
8121600,4,1315.4772295829712
8208000,1,545.1101978845169
8208000,2,545.0849310183476
8208000,3,87.41886517612716
8208000,4,1315.6478653840957
8294400,1,547.9012143921186
8294400,2,547.8759292150464
8294400,3,88.77544950775041
8294400,4,1315.808200672554
8380800,1,550.6613669433885
8380800,2,550.6360639306274
8380800,3,90.1367633008299
8380800,4,1315.9588578187286
8467200,1,553.3910729999157
8467200,2,553.3657526492409
8467200,3,91.50271237845482
8467200,4,1316.100421518407
8553600,1,556.0907423902274
8553600,2,556.0654051262582
8553600,3,92.87320445932141
8553600,4,1316.2334410837454
8640000,1,558.7607774159783
8640000,2,558.7354236820986
8640000,3,94.2481491055903
8640000,4,1316.3584325918107
8726400,1,561.4015731076506
8726400,2,561.3762033327886
8726400,3,95.62745767262663
8726400,4,1316.4758809051973
8812800,1,564.0135173981062
8812800,2,563.9881319891915
8812800,3,97.01104326057816
8812800,4,1316.5862415606844
8899200,1,566.596991295425
8899200,2,566.5715906439018
8899200,3,98.39882066773362
8899200,4,1316.6899425415843
8985600,1,569.1523690491135
8985600,2,569.1269535524161
8985600,3,99.79070634556365
8985600,4,1316.7873859694232
9072000,1,571.6800183519122
9072000,2,571.6545883671604
9072000,3,101.18661835532293
9072000,4,1316.8789496469633
9158400,1,574.1803004528003
9158400,2,574.1548563486008
9158400,3,102.58647632624456
9158400,4,1316.9649885446804
9244800,1,576.653570360646
9244800,2,576.6281124754272
9244800,3,103.99020141511664
9244800,4,1317.045836181809
9331200,1,579.100176954782
9331200,2,579.0747056368771
9331200,3,105.39771626734387
9331200,4,1317.1218059309845
9417600,1,581.5204631658846
9417600,2,581.4949787453111
9417600,3,106.80894497927034
9417600,4,1317.1931922153065
9504000,1,583.9147661071859
9504000,2,583.889268888868
9504000,3,108.22381306179295
9504000,4,1317.2602716857057
9590400,1,586.2834171918919
9590400,2,586.257907488419
9590400,3,109.64224740525447
9590400,4,1317.3233042774477
9676800,1,588.6267422901748
9676800,2,588.6012204067064
9676800,3,111.06417624542928
9676800,4,1317.382534228316
9763200,1,590.9450618590951
9763200,2,590.9195280759524
9763200,3,112.48952913066228
9763200,4,1317.4381910163554
9849600,1,593.2386910435987
9849600,2,593.2131456462064
9849600,3,113.91823689009948
9849600,4,1317.4904902691312
9936000,1,595.5079398236649
9936000,2,595.4823830800641
9936000,3,115.35023160291576
9936000,4,1317.5396345988333
10022400,1,597.7531131122574
10022400,2,597.727545288999
10022400,3,116.78544656854228
10022400,4,1317.5858143725054
10108800,1,599.9745108771317
10108800,2,599.9489322385856
10108800,3,118.22381627786876
10108800,4,1317.6292084708898
10195200,1,602.1724282646744
10195200,2,602.146839045263
10195200,3,119.665276385281
10195200,4,1317.6699849748245
10281600,1,604.3471556692167
10281600,2,604.321556120418
10281600,3,121.10976368166394
10281600,4,1317.7083018183807
10368000,1,606.4989788773743
10368000,2,606.4733692336447
10368000,3,122.55721606816246
10368000,4,1317.744307402488
10454400,1,608.6281791438089
10454400,2,608.602559638098
10454400,3,124.00757253080019
10454400,4,1317.7781411693663
10540800,1,610.7350333055683
10540800,2,610.7094041516659
10540800,3,125.46077311582985
10540800,4,1317.8099341485035
10627200,1,612.8198138550142
10627200,2,612.7941752735925
10627200,3,126.91675890587385
10627200,4,1317.839809454331
10713600,1,614.8827890551145
10713600,2,614.8571412535678
10713600,3,128.37547199673986
10713600,4,1317.8678827795263
10800000,1,616.924223011622
10800000,2,616.8985661984684
10800000,3,129.83685547494701
10800000,4,1317.8942628304255
10886400,1,618.944375775097
10886400,2,618.9187101443913
10886400,3,131.30085339589368
10886400,4,1317.9190517542143
10972800,1,620.9435034101464
10972800,2,620.917829156404
10972800,3,132.76741076268377
10972800,4,1317.9423455330254
11059200,1,622.921858089669
11059200,2,622.8961753986563
11059200,3,134.23647350555984
11059200,4,1317.964234359854
11145600,1,624.8796881666105
11145600,2,624.8539972224453
11145600,3,135.7079884619218
11145600,4,1317.9848029841423
11232000,1,626.8172382594945
11232000,2,626.7915392361533
11232000,3,137.18190335691725
11232000,4,1318.0041310426855
11318400,1,628.7347493203035
11318400,2,628.70904238851
11318400,3,138.6581667845869
11318400,4,1318.02229336487
11404800,1,630.632458705689
11404800,2,630.6067440445004
11404800,3,140.13672818953933
11404800,4,1318.0393602671495
11491200,1,632.5106002681467
11491200,2,632.4848780374687
11491200,3,141.61753784911548
11491200,4,1318.0553978257497
11577600,1,634.3694044015126
11577600,2,634.3436747628473
11577600,3,143.1005468560818
11577600,4,1318.0704681286948
11664000,1,636.2090981282497
11664000,2,636.1833612267528
11664000,3,144.58570710175195
11664000,4,1318.0846295155263
11750400,1,638.0299051410766
11750400,2,638.004161136238
11750400,3,146.07297125963078
11750400,4,1318.097936811457
11836800,1,639.8320458949257
11836800,2,639.8062949362404
11836800,3,147.56229276943282
11836800,4,1318.1104415316936
11923200,1,641.6157376601486
11923200,2,641.5899798816997
11923200,3,149.05362582156636
11923200,4,1318.122192081687
12009600,1,643.3811945654913
12009600,2,643.3554301166484
12009600,3,150.54692534203969
12009600,4,1318.1332339507246
12096000,1,645.1286276912625
12096000,2,645.1028567002372
12096000,3,152.04214697772727
12096000,4,1318.143609879905
12182400,1,646.8582450922
12182400,2,646.8324676997471
12182400,3,153.5392470820682
12182400,4,1318.1533600389569
12268800,1,648.570251886069
12268800,2,648.5444682152473
12268800,3,155.03818270109878
12268800,4,1318.1625221663785
12355200,1,650.2648502785395
12355200,2,650.2390604649331
12355200,3,156.5389115598707
12355200,4,1318.171131730658
12441600,1,651.9422396496125
12441600,2,651.9164438063572
12441600,3,158.04139204920148
12441600,4,1318.179222055045
12528000,1,653.6026165715506
12528000,2,653.5768148233094
12528000,3,159.5455832127816
12528000,4,1318.1868244605175
12614400,1,655.2461748856709
12614400,2,655.2203673515087
12614400,3,161.05144473458608
12614400,4,1318.193968370611
12700800,1,656.8731057467777
12700800,2,656.8472925339939
12700800,3,162.55893692661652
12700800,4,1318.2006814376846
12787200,1,658.4835976554444
12787200,2,658.4577788862667
12787200,3,164.06802071695643
12787200,4,1318.206989649691
12873600,1,660.0778365357122
12873600,2,660.0520123138904
12873600,3,165.57865763808923
12873600,4,1318.2129174226652
12960000,1,661.656005754089
12960000,2,661.6301761861918
12960000,3,167.09080981555235
12960000,4,1318.218487700884
13046400,1,663.2182861796139
13046400,2,663.1924513670131
13046400,3,168.60443995682567
13046400,4,1318.2237220431757
13132800,1,664.7648562192894
13132800,2,664.7390162678064
13132800,3,170.11951134050992
13132800,4,1318.228640712177
13219200,1,666.29589187256
13219200,2,666.270046879594
13219200,3,171.63598780577763
13219200,4,1318.2332627457458
13305600,1,667.8115667653329
13305600,2,667.7857168235333
13305600,3,173.15383374204566
13305600,4,1318.2376060326042
13392000,1,669.3120521901238
13392000,2,669.2861973932506
13392000,3,174.6730140789225
13392000,4,1318.2416873862567
13478400,1,670.7975171480833
13478400,2,670.771657593476
13478400,3,176.19349427638303
13478400,4,1318.2455226007914
13564800,1,672.2681283966295
13564800,2,672.2422641712686
13564800,3,177.7152403151697
13564800,4,1318.2491265224844
13651200,1,673.7240504748513
13651200,2,673.6981816676843
13651200,3,179.23821868741766
13651200,4,1318.2525131005427
13737600,1,675.1654457490637
13737600,2,675.1395724474378
13737600,3,180.76239638751872
13737600,4,1318.2556954420825
13824000,1,676.5924744504564
13824000,2,676.5665967350184
13824000,3,182.28774090315824
13824000,4,1318.2586858651405
13910400,1,678.0052947037224
13910400,2,677.9794126579715
13910400,3,183.8142202065967
13910400,4,1318.261495942525
13996800,1,679.4040625718541
13996800,2,679.3781762725719
13996800,3,185.34180274612277
13996800,4,1318.2641365506574
14083200,1,680.7889320798795
14083200,2,680.7630416089637
14083200,3,186.8704574377091
14083200,4,1318.2666179113328
14169600,1,682.1600552599431
14169600,2,682.1341606934444
14169600,3,188.40015365685872
14169600,4,1318.2689496296382
14256000,1,683.517582178913
14256000,2,683.4916835867596
14256000,3,189.93086123063517
14256000,4,1318.2711407279894
14342400,1,684.8616609617121
14342400,2,684.8357584253043
14342400,3,191.46255042986127
14342400,4,1318.273199685912
14428800,1,686.1924378458402
14428800,2,686.166531429745
14428800,3,192.99519196148935
14428800,4,1318.2751344746075
14515200,1,687.5100571862979
14515200,2,687.4841469618256
14515200,3,194.52875696115575
14515200,4,1318.2769525806584
14601600,1,688.8146614975968
14601600,2,688.7887475428463
14601600,3,196.06321698588567
14601600,4,1318.2786610424287
14688000,1,690.1063915001595
14688000,2,690.0804738665586
14688000,3,197.5985440069419
14688000,4,1318.2802664736862
14774400,1,691.3853861089935
14774400,2,691.3594648683038
14774400,3,199.13471040286845
14774400,4,1318.2817750854274
14860800,1,692.6517824974486
14860800,2,692.6258577181268
14860800,3,200.6716889526433
14860800,4,1318.283192717114
14947200,1,693.9057161196627
14947200,2,693.879787853957
14947200,3,202.2094528289872
14947200,4,1318.2845248555163
15033600,1,695.147320712778
15033600,2,695.1213890337203
15033600,3,203.7479755918398
15033600,4,1318.2857766568443
15120000,1,696.3767283640855
15120000,2,696.3507933216463
15120000,3,205.28723118193648
15120000,4,1318.2869529664101
15206400,1,697.594069494995
15206400,2,697.5681311564649
15206400,3,206.82719391454884
15206400,4,1318.2880583351644
15292800,1,698.7994729255884
15292800,2,698.7735313381775
15292800,3,208.3678384733289
15292800,4,1318.2890970446392
15379200,1,699.993065861521
15379200,2,699.9671210911754
15379200,3,209.9091399043159
15379200,4,1318.2900731110008
15465600,1,701.1749739549241
15465600,2,701.1490260526436
15465600,3,211.4510736100292
15465600,4,1318.2909903150862
15552000,1,702.3453213046446
15552000,2,702.3193703204349
15552000,3,212.9936153437102
15552000,4,1318.2918522054008
15638400,1,703.5042304819308
15638400,2,703.4782764746442
15638400,3,214.53674120367214
15638400,4,1318.2926621185952
15724800,1,704.6518225693881
15724800,2,704.625865584972
15724800,3,216.08042762776086
15724800,4,1318.2934231877578
15811200,1,705.7882171616527
15811200,2,705.7622572554476
15811200,3,217.62465138793277
15811200,4,1318.2941383595103
15897600,1,706.9135324084459
15897600,2,706.8875696259447
15897600,3,219.16938958493347
15897600,4,1318.294810401599
15984000,1,708.0278850159527
15984000,2,708.0019194143877
15984000,3,220.7146196431013
15984000,4,1318.2954419158204
16070400,1,709.131390291479
16070400,2,709.1054219149817
16070400,3,222.26031930525141
16070400,4,1318.2960353447102
16156800,1,710.224162148615
16156800,2,710.1981910350471
16156800,3,223.80646662767276
16156800,4,1318.296592986744
16243200,1,711.3063131218112
16243200,2,711.2803393216136
16243200,3,225.3530399752276
16243200,4,1318.2971169989337
16329600,1,712.3779544056499
16329600,2,712.3519779625777
16329600,3,226.90001801653852
16329600,4,1318.2976094099868
16416000,1,713.4391958607657
16416000,2,713.4132168204711
16416000,3,228.44737971926907
16416000,4,1318.2980721238819
16502400,1,714.4901460412345
16502400,2,714.4641644439729
16502400,3,229.99510434550302
16502400,4,1318.2985069340473
16588800,1,715.5309122053807
16588800,2,715.5049280952771
16588800,3,231.54317144720744
16588800,4,1318.2989155225966
16675200,1,716.5616003402338
16675200,2,716.535613763144
16675200,3,233.09156086178064
16675200,4,1318.2992994711474
16761600,1,717.5823151848574
16761600,2,717.556326176335
16761600,3,234.6402527076948
16761600,4,1318.2996602641997
16848000,1,718.5931602364637
16848000,2,718.5671688336556
16848000,3,236.1892273802032
16848000,4,1318.2999992988252
16934400,1,719.5942377745164
16934400,2,719.5682440152491
16934400,3,237.73846554715146
16934400,4,1318.300317888049
17020800,1,720.5856488750562
17020800,2,720.559652803103
17020800,3,239.28794814485127
17020800,4,1318.3006172634575
17107200,1,721.5674934361873
17107200,2,721.5414950897404
17107200,3,240.8376563740353
17107200,4,1318.300898584528
17193600,1,722.5398701893221
17193600,2,722.5138696005254
17193600,3,242.38757169589098
17193600,4,1318.3011629400348
17280000,1,723.5028767142089
17280000,2,723.4768739116289
17280000,3,243.93767582815735
17280000,4,1318.30141135371
17366400,1,724.456609446677
17366400,2,724.4306044745878
17366400,3,245.4879507413125
17366400,4,1318.30164478569
17452800,1,725.4011637180538
17452800,2,725.375156608717
17452800,3,247.0383786548141
17452800,4,1318.3018641415026
17539200,1,726.3366337497605
17539200,2,726.3106245377585
17539200,3,248.58894203341288
17539200,4,1318.302070267898
17625600,1,727.2631126767451
17625600,2,727.2371013971108
17625600,3,250.13962358353683
17625600,4,1318.3022639634792
17712000,1,728.1806925620506
17712000,2,728.1546792493994
17712000,3,251.69040624973968
17712000,4,1318.3024459785174
17798400,1,729.0894644166547
17798400,2,729.0634490942668
17798400,3,253.24127321120977
17798400,4,1318.3026170160874
17884800,1,729.989518193971
17884800,2,729.9635009029647
17884800,3,254.79220787834583
17884800,4,1318.3027777390857
17971200,1,730.8809428384691
17971200,2,730.8549235983716
17971200,3,256.34319388938866
17971200,4,1318.3029287697987
18057600,1,731.763826257356
18057600,2,731.7378051113296
18057600,3,257.8942151071251
18057600,4,1318.3030706922646
18144000,1,732.6382553813346
18144000,2,732.6122323476108
18144000,3,259.4452556156298
18144000,4,1318.3032040567514
18230400,1,733.5043161306858
18230400,2,733.4782912489312
18230400,3,260.99629971708373
18230400,4,1318.3033293786843
18316800,1,734.3620934745115
18316800,2,734.3360667604456
18316800,3,262.54733192863387
18316800,4,1318.3034471419498
18403200,1,735.2116714001756
18403200,2,735.185642887503
18403200,3,264.0983369793212
18403200,4,1318.3035578035385
18489600,1,736.05313295991
18489600,2,736.0271026748482
18489600,3,265.6492998070544
18489600,4,1318.303661791785
18576000,1,736.8865602617261
18576000,2,736.8605282410832
18576000,3,267.2002055556377
18576000,4,1318.3037595088192
18662400,1,737.7120345057003
18662400,2,737.6860007673599
18662400,3,268.7510395718423
18662400,4,1318.3038513326806
18748800,1,738.5296359703468
18748800,2,738.503600535521
18748800,3,270.30178740253587
18748800,4,1318.3039376188078
18835200,1,739.3394440333605
18835200,2,739.313406931454
18835200,3,271.8524347918701
18835200,4,1318.3040187016522
18921600,1,740.1415371884475
18921600,2,740.1154984520227
18921600,3,273.40296767849213
18921600,4,1318.3040948947278
19008000,1,740.9359930660878
19008000,2,740.9099527076363
19008000,3,274.9533721928274
19008000,4,1318.3041664931582
19094400,1,741.722888415652
19094400,2,741.6968464630611
19094400,3,276.5036346543943
19094400,4,1318.3042337734073
19180800,1,742.5022991409201
19180800,2,742.4762556245047
19180800,3,278.0537415691706
19180800,4,1318.3042969955688
19267200,1,743.2743003097328
19267200,2,743.248255252172
19267200,3,279.60367962699956
19267200,4,1318.3043564061788
19353600,1,744.038966160618
19353600,2,744.0129195756015
19353600,3,281.153435699026
19353600,4,1318.3044122326344
19440000,1,744.7963701061017
19440000,2,744.7703220117465
19440000,3,282.7029968352067
19440000,4,1318.3044646928938
19526400,1,745.5465847391974
19526400,2,745.520535179537
19526400,3,284.25235026186147
19526400,4,1318.3045139885076
19612800,1,746.2896818802965
19612800,2,746.2636308740894
19612800,3,285.80148337920946
19612800,4,1318.304560312162
19699200,1,747.0257325589919
19699200,2,746.9996801053204
19699200,3,287.3503837589906
19699200,4,1318.3046038412485
19785600,1,747.7548069998018
19785600,2,747.7287531321755
19785600,3,288.8990391421512
19785600,4,1318.304644746166
19872000,1,748.4769746835041
19872000,2,748.4509194213695
19872000,3,290.4474374365077
19872000,4,1318.3046831840163
19958400,1,749.1923043232666
19958400,2,749.1662476906921
19958400,3,291.99556671448727
19958400,4,1318.3047193040618
20044800,1,749.9008638900848
20044800,2,749.8748059029108
20044800,3,293.5434152108819
20044800,4,1318.3047532449937
20131200,1,750.6027206097192
20131200,2,750.5766612876487
20131200,3,295.09097132066654
20131200,4,1318.3047851393246
20217600,1,751.2979409799091
20217600,2,751.2718803429067
20217600,3,296.63822359682445
20217600,4,1318.3048151106836
20304000,1,751.9865907814317
20304000,2,751.9605288423405
20304000,3,298.1851607482199
20304000,4,1318.304843274265
20390400,1,752.6687350715581
20390400,2,752.6426718598673
20390400,3,299.73177163750915
20390400,4,1318.3048697406919
20476800,1,753.344438219844
20476800,2,753.318373751641
20476800,3,301.278045279078
20476800,4,1318.3048946102954
20563200,1,754.0137638987737
20563200,2,753.987698183061
20563200,3,302.8239708370038
20563200,4,1318.3049179791665
20649600,1,754.6767750810532
20649600,2,754.6507081485681
20649600,3,304.36953762307076
20649600,4,1318.3049399395104
20736000,1,755.3335340863994
20736000,2,755.3074659419912
20736000,3,305.9147350947969
20736000,4,1318.304960575726
20822400,1,755.984102541667
20822400,2,755.9580332130936
20822400,3,307.4595528535019
20822400,4,1318.304979966829
20908800,1,756.6285414375652
20908800,2,756.6024709274102
20908800,3,309.00398064239334
20908800,4,1318.3049981889214
20995200,1,757.2669110863626
20995200,2,757.2408394246809
20995200,3,310.54800834470825
20995200,4,1318.3050153127833
21081600,1,757.8992711806573
21081600,2,757.8731983761758
21081600,3,312.0916259818555
21081600,4,1318.3050314030313
21168000,1,758.5256807617347
21168000,2,758.4996068320745
21168000,3,313.63482371159307
21168000,4,1318.3050465229207
21254400,1,759.1461982478218
21254400,2,759.1201232087378
21254400,3,315.1775918262483
21254400,4,1318.3050607307166
21340800,1,759.7608814357243
21340800,2,759.7348053023762
21340800,3,316.7199207509484
21340800,4,1318.305074081586
21427200,1,760.369787511394
21427200,2,760.3437102935609
21427200,3,318.26180104188506
21427200,4,1318.305086627491
21513600,1,760.9729730425008
21513600,2,760.9468947694555
21513600,3,319.8032233846129
21513600,4,1318.3050984170477
21600000,1,761.5704940203998
21600000,2,761.5444146965895
21600000,3,321.34417859234827
21600000,4,1318.3051094961165
21686400,1,762.1624058269445
21686400,2,762.1363254684011
21686400,3,322.88465760432655
21686400,4,1318.3051199058825
21772800,1,762.7487632697478
21772800,2,762.7226818842078
21772800,3,324.42465148415613
21772800,4,1318.3051296883614
21859200,1,763.3296205648069
21859200,2,763.303538180544
21859200,3,325.9641514182267
21859200,4,1318.305138881046
21945600,1,763.9050313825755
21945600,2,763.8789479990053
21945600,3,327.50314871410137
21945600,4,1318.3051475193051
22032000,1,764.4750488044945
22032000,2,764.4489644432228
22032000,3,329.04163479897306
22032000,4,1318.3051556366718
22118400,1,765.0397253722233
22118400,2,765.0136400431211
22118400,3,330.5796012181131
22118400,4,1318.3051632645254
22204800,1,765.5991130699931
22204800,2,765.5730267857182
22204800,3,332.1170396333682
22204800,4,1318.305170432414
22291200,1,766.1532633401293
22291200,2,766.1271761127161
22291200,3,333.6539418216548
22291200,4,1318.3051771680277
22377600,1,766.702227087135
22377600,2,766.6761389292103
22377600,3,335.19029967349525
22377600,4,1318.3051834978476
22464000,1,767.2460546804282
22464000,2,767.2199656136405
22464000,3,336.7261051915639
22464000,4,1318.305189446146
22550400,1,767.7847959808962
22550400,2,767.7587060037604
22550400,3,338.26135048925653
22550400,4,1318.305195034679
22636800,1,768.3185003072952
22636800,2,768.2924094425107
22636800,3,339.79602778928756
22636800,4,1318.305200286494
22723200,1,768.8472164871887
22723200,2,768.821124739218
22723200,3,341.33012942230016
22723200,4,1318.3052052218598
22809600,1,769.3709928270109
22809600,2,769.3449002115767
22809600,3,342.86364782549254
22809600,4,1318.3052098595138
22896000,1,769.8898771386632
22896000,2,769.8637836707796
22896000,3,344.3965755412801
22896000,4,1318.305214216701
22982400,1,770.4039167432695
22982400,2,770.3778224294678
22982400,3,345.92890521595564
22982400,4,1318.305218312226
23068800,1,770.9131584687193
23068800,2,770.8870633156286
23068800,3,347.46062959839037
23068800,4,1318.3052221605642
23155200,1,771.4176486537378
23155200,2,771.3915526798896
23155200,3,348.99174153873264
23155200,4,1318.305225776326
23241600,1,771.9174331713787
23241600,2,771.8913363831762
23241600,3,350.5222339871434
23241600,4,1318.3052291746012
23328000,1,772.4125574144803
23328000,2,772.3864598222808
23328000,3,352.05209999253475
23328000,4,1318.3052323682193
23414400,1,772.9030663098788
23414400,2,772.8769679265004
23414400,3,353.5813327013393
23414400,4,1318.3052353690803
23500800,1,773.3890043248093
23500800,2,773.362905161998
23500800,3,355.1099253562861
23500800,4,1318.305238188374
23587200,1,773.8704154712452
23587200,2,773.8443155379816
23587200,3,356.6378712952019
23587200,4,1318.3052408376075
23673600,1,774.3473433093764
23673600,2,774.3212426137331
23673600,3,358.1651639498168
23673600,4,1318.3052433274597
23760000,1,774.8198309495167
23760000,2,774.7937295069171
23760000,3,359.69179684460823
23760000,4,1318.305245666992
23846400,1,775.2879210709068
23846400,2,775.2618188849813
23846400,3,361.2177635956391
23846400,4,1318.3052478656027
23932800,1,775.7516559093951
23932800,2,775.7255529874949
23932800,3,362.7430579094207
23932800,4,1318.3052499321084
24019200,1,776.2110772691983
24019200,2,776.1849736242277
24019200,3,364.2676735817995
24019200,4,1318.3052518727786
24105600,1,776.6662265327432
24105600,2,776.6401221751021
24105600,3,365.79160449684423
24105600,4,1318.3052536975588
24192000,1,777.117144663332
24192000,2,777.0910395971696
24192000,3,367.31484462575645
24192000,4,1318.3052554113951
24278400,1,777.5638722002357
24278400,2,777.5377664389387
24278400,3,368.8373880258
24278400,4,1318.3052570216464
24364800,1,778.0064492798133
24364800,2,777.9803428287205
24364800,3,370.35922883923286
24364800,4,1318.3052585347855
24451200,1,778.4449156242033
24451200,2,778.4188084950931
24451200,3,371.8803612922725
24451200,4,1318.305259957635
24537600,1,778.8793105567584
24537600,2,778.8532027606586
24537600,3,373.4007796940532
24537600,4,1318.3052612953816
24624000,1,779.3096730073053
24624000,2,779.2835645458063
24624000,3,374.92047843560704
24624000,4,1318.305262552174
24710400,1,779.7360415010801
24710400,2,779.7099323885682
24710400,3,376.4394519888747
24710400,4,1318.3052637331366
24796800,1,780.158454185256
24796800,2,780.1323444269894
24796800,3,377.9576949056968
24796800,4,1318.3052648426533
24883200,1,780.5769488154797
24883200,2,780.5508384211648
24883200,3,379.4752018168483
24883200,4,1318.3052658849997
24969600,1,780.9915627691403
24969600,2,780.9654517485437
24969600,3,380.9919674310727
24969600,4,1318.305266864957
25056000,1,781.4023330509435
25056000,2,781.376221406809
25056000,3,382.5079865341286
25056000,4,1318.3052677848073
25142400,1,781.8092962840938
25142400,2,781.7831840309977
25142400,3,384.02325398785433
25142400,4,1318.3052686500537
25228800,1,782.2124887365892
25228800,2,782.1863758754744
25228800,3,385.5377647292353
25228800,4,1318.3052694627436
25315200,1,782.6119462994202
25315200,2,782.585832843801
25315200,3,387.05151376949925
25315200,4,1318.3052702260097
25401600,1,783.0077045163216
25401600,2,782.9815904670158
25401600,3,388.56449619321165
25401600,4,1318.3052709435601
25488000,1,783.3997985658809
25488000,2,783.3736839294509
25488000,3,390.0767071573837
25488000,4,1318.3052716175598
25574400,1,783.7882632741666
25574400,2,783.7621480639013
25574400,3,391.5881418905974
25574400,4,1318.305272251153
25660800,1,784.1731331285455
25660800,2,784.147017345518
25660800,3,393.0987956921408
25660800,4,1318.3052728464259
25747200,1,784.5544422601192
25747200,2,784.5283259170162
25747200,3,394.6086639311475
25747200,4,1318.305273406128
25833600,1,784.932224473484
25833600,2,784.9061075663756
25833600,3,396.1177420457625
25833600,4,1318.3052739323994
25920000,1,785.3065132155211
25920000,2,785.2803957655324
25920000,3,397.6260255422999
25920000,4,1318.305274426847
26006400,1,785.6773416199226
26006400,2,785.6512236331632
26006400,3,399.13350999442855
26006400,4,1318.3052748901264
26092800,1,786.0447424867612
26092800,2,786.0186239623611
26092800,3,400.6401910423556
26092800,4,1318.3052753260804
26179200,1,786.4087482829327
26179200,2,786.3826292273384
26179200,3,402.14606439203
26179200,4,1318.30527573652
26265600,1,786.7693911549568
26265600,2,786.7432715776963
26265600,3,403.6511258143505
26265600,4,1318.305276122152
26352000,1,787.1267029339306
26352000,2,787.1005828404054
26352000,3,405.1553711443912
26352000,4,1318.305276483889
26438400,1,787.4807151323917
26438400,2,787.4545945299146
26438400,3,406.65879628061793
26438400,4,1318.3052768240427
26524800,1,787.8314589543011
26524800,2,787.8053378448708
26524800,3,408.1613971841489
26524800,4,1318.3052771434577
26611200,1,788.1789652885423
26611200,2,788.1528436814192
26611200,3,409.6631698779852
26611200,4,1318.3052774432954
26697600,1,788.5232647253251
26697600,2,788.4971426233728
26697600,3,411.1641104462833
26697600,4,1318.3052777257071
26784000,1,788.8643875445669
26784000,2,788.83826496043
26784000,3,412.66421503361926
26784000,4,1318.3052779916698
26870400,1,789.2023637403622
26870400,2,789.1762406701844
26870400,3,414.16347984426466
26870400,4,1318.3052782412915
26956800,1,789.5372229937639
26956800,2,789.5110994516806
26956800,3,415.6619011414814
26956800,4,1318.3052784751872
27043200,1,789.8689947094476
27043200,2,789.8428706951374
27043200,3,417.15947524681087
27043200,4,1318.3052786944745
27129600,1,790.1977079901721
27129600,2,790.1715835137034
27129600,3,418.65619853938006
27129600,4,1318.3052789013968
27216000,1,790.5233916603115
27216000,2,790.4972667260579
27216000,3,420.152067455223
27216000,4,1318.3052790959214
27302400,1,790.8460742581442
27302400,2,790.819948870253
27302400,3,421.6470784865978
27302400,4,1318.3052792784356
27388800,1,791.1657840413682
27388800,2,791.1396582042087
27388800,3,423.14122818132
27388800,4,1318.3052794505252
27475200,1,791.4825489869595
27475200,2,791.4564227117787
27475200,3,424.63451314210124
27475200,4,1318.3052796122088
27561600,1,791.796396806214
27561600,2,791.7702700936356
27561600,3,426.12693002589367
27561600,4,1318.3052797637397
27648000,1,792.1073549309413
27648000,2,792.0812277868133
27648000,3,427.61847554325686
27648000,4,1318.3052799061315
27734400,1,792.4154505274132
27734400,2,792.3893229565194
27734400,3,429.1091464577139
27734400,4,1318.3052800401347
27820800,1,792.72071049534
27820800,2,792.6945825028456
27820800,3,430.59893958512566
27820800,4,1318.3052801663157
27907200,1,793.0231614718132
27907200,2,792.9970330624046
27907200,3,432.0878517930705
27907200,4,1318.3052802843054
27993600,1,793.3228298314148
27993600,2,793.2967010137295
27993600,3,433.575880000235
27993600,4,1318.305280394491
28080000,1,793.6197416989035
28080000,2,793.5936124701266
28080000,3,435.06302117580344
28080000,4,1318.3052804993163
28166400,1,793.9139229347898
28166400,2,793.887793299411
28166400,3,436.54927233886883
28166400,4,1318.3052805973603
28252800,1,794.2053991474822
28252800,2,794.1792691171615
28252800,3,438.03463055783595
28252800,4,1318.3052806893807
28339200,1,794.4941957038868
28339200,2,794.4680652813774
28339200,3,439.51909294984034
28339200,4,1318.305280775914
28425600,1,794.7803377180785
28425600,2,794.7542069090027
28425600,3,441.00265668018164
28425600,4,1318.3052808579537
28512000,1,795.0638500644191
28512000,2,795.0377188680138
28512000,3,442.4853189617388
28512000,4,1318.3052809344417
28598400,1,795.3447573688409
28598400,2,795.3186257911675
28598400,3,443.9670770544217
28598400,4,1318.3052810061477
28684800,1,795.6230840238827
28684800,2,795.5969520660165
28684800,3,445.44792826461617
28684800,4,1318.3052810740487
28771200,1,795.8988541747108
28771200,2,795.8727218538831
28771200,3,446.92786994463313
28771200,4,1318.305281137848
28857600,1,796.172091753439
28857600,2,796.1459590604352
28857600,3,448.4068994921636
28857600,4,1318.3052811974908
28944000,1,796.442820439056
28944000,2,796.416687380641
28944000,3,449.88501434975024
28944000,4,1318.3052812539895
29030400,1,796.7110636894104
29030400,2,796.6849302715318
29030400,3,451.3622120042628
29030400,4,1318.3052813066074
29116800,1,796.9768447330139
29116800,2,796.9507109652077
29116800,3,452.8384899863686
29116800,4,1318.3052813557024
29203200,1,797.2401865843144
29203200,2,797.2140524582449
29203200,3,454.31384587001867
29203200,4,1318.3052814021303
29289600,1,797.5011120126624
29289600,2,797.474977547324
29289600,3,455.78827727194493
29289600,4,1318.3052814464359
29376000,1,797.7596435942437
29376000,2,797.7335087819442
29376000,3,457.26178185114986
29376000,4,1318.305281487591
29462400,1,798.0158036643438
29462400,2,797.9896685166525
29462400,3,458.7343573084172
29462400,4,1318.305281526481
29548800,1,798.2696143594685
29548800,2,798.243478873411
29548800,3,460.2060013858136
29548800,4,1318.3052815626938
29635200,1,798.5210975905393
29635200,2,798.494961772848
29635200,3,461.6767118662092
29635200,4,1318.3052815962915
29721600,1,798.7702750626054
29721600,2,798.7441389188878
29721600,3,463.1464865727994
29721600,4,1318.3052816285026
29808000,1,799.017168272384
29808000,2,798.9910318055786
29808000,3,464.61532336862547
29808000,4,1318.3052816586555
29894400,1,799.2617985112252
29894400,2,799.2356617184059
29894400,3,466.08322015610975
29894400,4,1318.3052816865934
29980800,1,799.5041868539729
29980800,2,799.4780497496204
29980800,3,467.55017487659916
29980800,4,1318.305281713061
30067200,1,799.744354189354
30067200,2,799.7182167720734
30067200,3,469.01618550990406
30067200,4,1318.3052817378589
30153600,1,799.9823211960775
30153600,2,799.9561834672622
30153600,3,470.4812500738417
30153600,4,1318.3052817615294
30240000,1,800.2181083522046
30240000,2,800.1919703200197
30240000,3,471.9453666237987
30240000,4,1318.3052817843172
30326400,1,800.4517359471979
30326400,2,800.4255976105133
30326400,3,473.4085332522909
30326400,4,1318.3052818043125
30412800,1,800.6832240685694
30412800,2,800.6570854316137
30412800,3,474.87074808851685
30412800,4,1318.3052818234096
30499200,1,800.9125926117113
30499200,2,800.8864536829974
30499200,3,476.33200929794384
30499200,4,1318.3052818417086
30585600,1,801.1398612913777
30585600,2,801.1137220636076
30585600,3,477.7923150818706
30585600,4,1318.3052818588562
30672000,1,801.3650496197934
30672000,2,801.3389100973595
30672000,3,479.2516636770133
30672000,4,1318.305281874333
30758400,1,801.5881769227872
30758400,2,801.5620371208674
30758400,3,480.71005335508653
30758400,4,1318.3052818892197
30844800,1,801.8092623559432
30844800,2,801.7831222710565
30844800,3,482.1674824224001
30844800,4,1318.3052819035956
30931200,1,802.0283248814362
30931200,2,802.0021845121066
30931200,3,483.6239492194409
30931200,4,1318.305281917263
31017600,1,802.2453832744281
31017600,2,802.2192426326874
31017600,3,485.07945212048344
31017600,4,1318.30528192996
31104000,1,802.4604561456736
31104000,2,802.4343152270308
31104000,3,486.5339895331963
31104000,4,1318.3052819419659
31190400,1,802.6735619155279
31190400,2,802.6474207245808
31190400,3,487.98755989823803
31190400,4,1318.305281953199
31276800,1,802.8847188314912
31276800,2,802.8585773759762
31276800,3,489.4401616888781
31276800,4,1318.3052819642626
31363200,1,803.0939449740617
31363200,2,803.067803250744
31363200,3,490.89179341061663
31363200,4,1318.3052819740637
31449600,1,803.3012582427345
31449600,2,803.2751162547956
31449600,3,492.3424536008033
31449600,4,1318.30528198291
31536000,1,803.5066763697605
31536000,2,803.4805341201591
31536000,3,493.79214082826365
31536000,4,1318.3052819912996
